,product_name_list,price_lst
0,نوفا - مياه معبأة ٣٣٠ مل ٤٠ عبوة,18.0
1,شركة مطاحن الدقيق والمخابز الكويتية طحين فاخر - لجميع الاستعمالات ١ كغم,3.0
2,التنمية - صدور دجاج بدون عظم طازجة ٤٥٠ غرام,14.0
3,بيرين - مياة شرب ٤٠*٣٣٠ مل,18.0
4,اليوم - فيليه صدور الدجاج ١٠٠٠ غرام,39.0
5,نوتيلا -كريمة البندق مع الكاكاو  قابلة للدهن ٧٥٠ غرام,29.0
6,قودي - مكرونة سباغيتي٤٥٠غرام,4.0
7,ساسا - ملح  ٧٥٠ غرام,2.0
8,نوفا - مياه ١٢ لتر,8.0
9,رضوى -شرائح صدور دجاج طازجة ٤٥٠ غرام,17.0
10,نستله - مياه معدنية طبيعية ٦* ١.٥ لتر,8.0
11,نستله - مياه نقيه١٢*٣٣٠ مل,5.0
12,بيرين - مياه شرب معبأة ٤٨*٢٠٠ مل,17.0
13,إندومي - شعيرية مقلية ٥*٧٥  غرام,6.0
14,ساديا - صدور دجاج طرية ١ كغم,21.0
15,ماجي -  مكعبات مرقة الدجاج  ٢٤*٢٠ غرام,12.0
16,الأسرة - سكر ناعم  ٥ كغم,16.0
17,الأسرة - سكر ناعم  ١ كيلو,3.0
18,نستله -  حليب مكثف محلى  ٣٩٥ غرام,7.0
19,نوتيلا -كريمة البندق مع الكاكاو قابلة للدهن ٤٠٠ غرام,17.0
20,بسكويت أوريو الأصلي ١٦*٣٨ غرام,18.0
21,النخلة - طحينة فاخرة ٥٠٠ غرام,19.0
22,قودي - زبدة الفول السوداني - ناعمة  ٥١٠  غرام,13.0
23,فوستر كلاركس -   نكهة  فانيلا ٢٨ مل,2.0
24,داناو - مشروب عصير بالحليب بنكهة الخوخ والمشمش ٦*١٨٠ مل,5.0
25,قودي - خل طبيعي  ٤٧٣ مل,2.0
26,مونتانا - ملوخية مجمدة ٤٠٠ غرام,4.0
27,صنوايت - أرز كالروز ٥ كغم,30.0
28,مكفتيز - بسكويت دايجستف الأصلي ٤٠٠غرام,7.0
29,نور - زيت دوار الشمس ٢*١.٨ لتر +٧٥٠ مل,38.0
30,قودي - تونة خفيفة مناسبة للسندوتشات ٨٠ غرام,4.0
31,السعودية - معجون طماطم ٨ عبوات,8.0
32,السعودية - معجون طماطم ٧+١*١٣٥ غرام,9.0
33,نسكافيه كلاسيك - قهوة سريعة التحضير ٢٠٠  غرام,23.0
34,ام ا جى - ملح بحري عضوي ٧٠٠ غرام,7.0
35,صن بايتس - شرائح خبز محمص بالزيتون و الزعتر البري ١١٠ غرام,5.0
36,ساديا - أنصاف صدور دجاج مجمدة بدون عظم وبدون جلد ٤٥٠ غرام,14.0
37,عافيه - زيت زيتون بكر ممتاز٥٠٠ مل,16.0
38,إندومي - شعيرية بنكهة الدجاج الخاصة ٥*٧٠  غرام,6.0
39,"امريكانا - بطاطس مقلية ٢,٥ كيلو",8.0
40,السنبلة - بازيلا خضراء مجمدة ٤٥٠ غرام,7.0
41,المراعي - عصير بنكهة كوكتيل تفاح  ٢٠٠ مل,1.0
42,اليوم - أفخاذ دجاج كاملة ١٠٠٠ غرام,18.0
43,بيتي كروكر - خليط كيك الشوكولاتة بالحليب * سوبر مويست * ٥٠٠ غرام,11.0
44,"السنبلة - رقائق هشة ""بف بيستري"" ٤٠٠ غرام",7.0
45,اليوم - دجاج فاخر طازج ٢*١٠٠٠ غرام,33.0
46,حدائق كاليفورنيا - فول مدمس سادة ٤٥٠ غرام,3.0
47,بيرفيتو - مكرونة نوتولي ٥٠٠ غرام,4.0
48,بوتان - لحم تونا خفيف ٩٠  غرام,4.0
49,نستله - كونتري كورن فليكس  ٥٠٠ غرام,15.0
50,سن توب - شراب البرتقال ٢٤*١٢٥ مل,11.0
51,الطائي - طماطم مقشرة ٤٠٠ غرام,2.0
52,نوتيلا بي ريدي - ويفر محشو بالنوتيلا ٦*٢٢ غرام,9.0
53,نوفا - مياه معدنية١٢*١.٥ لتر,15.0
54,امريكانا - ناجت الدجاج ٤٠٠ غرام,16.0
55,بسكويت اوريو مغطى بالشوكولاتة ٢٠٤ غرام,9.0
56,نسكويك - حبوب افطار بطعم الشوكولاتة ٣٧٥ غرام,17.0
57,أبو كاس -  بابكر أرز بسمتي  ٥ كيلو جرام,39.0
58,كويكر - شوفان أبيض ٥٠٠غرام,9.0
59,بست - فول سوداني مملح ٢٤*١٥ غرام,10.0
60,فوستر كلاركس - باكينج بودر ١١٠ غرام,3.0
61,قودي - مايونيز  ٩٤٦ مل,9.0
62,الأسرة - سكر ناعم  ٢ كيلو,7.0
63,قودي - تونة خفيفة بالماء و الملح ١٨٥ غرام,7.0
64,أمريكانا - ستربس الدجاج ٧٥٠ غرام,19.0
65,حلواني - مربى الفراولة ٤٠٠ غرام,7.0
66,السنبلة - براتا ٤٥٠ غرام,4.0
67,إندومي - شعيرية بنكهة الخضار ٥*٧٥  غرام,6.0
68,نيدو - حليب مجفف مدعم ٢٢٥٠ غرام,61.0
69,التنمية - قطع دجاج مشكلة طازجة ٩٠٠ غرام,7.0
70,قودي - مكرونة خواتم مخططة ٥٠٠ غرام,4.0
71,بيبسي  ٣٣٠ مل,2.0
72,كيت كات  - أصابع ويفر بالشوكولاتة ٢٠.٥ غرام,1.0
73,مالتيزرز- كرات البسكويت المغطى بالشوكولاتة ١٧٥ غرام,9.0
74,ليز - شرائح البطاطس بالفلفل الحار ١٤*٢٣ غرام,8.0
75,فوم - دقيق فاخر ١ كغم,2.0
76,"عافية - زيت ذرة صافي  ١,٨ لتر",19.0
77,كريستال - شطة حارة ٤٧٤ مل,4.0
78,أولكر - بسكريم بسكويت بكريمة الكاكاو ١٦*٤٠ غرام,12.0
79,بيبسي ٢٤*٣٣٠ مل,59.0
80,فرشلي - حمص حب ٥٨٠ غرام,5.0
81,نستله بيور لايف - مياه شرب معبأة ١٢*٠.٦ لتر,9.0
82,هناء - رقائق شوفان كاملة ١ كغم,13.0
83,عافية - زيت دوار الشمس ٢*١.٨ لتر,37.0
84,نوفا - مياه معدنية  ٥ لتر,4.0
85,ستيفيانا - محلي خالي السعرات الحرارية ( ٥٠ كيس ) ١٢٥ غرام,15.0
86,المراعي - عصير تفاح ١.٥ لتر,4.0
87,المراعي - عصير بنكهة الفواكه المشكلة ٢٠٠ مل,1.0
88,بيرفيتو - مكرونة سباغيتي ٤٥٠ غرام,4.0
89,دوريتوس - بنكهة حار وحلو  ١٨٠ غرام,5.0
90,مكفتيز- بسكويت دايجستف مغطى بالشوكولاتة ٢٠٠ غرام,9.0
91,اليوم - دجاج فاخر طازج ١٢٠٠ غرام,16.0
92,بوك - قشطة سادة ٦*١٧٠ غرام,13.0
93,كريسبي - حروف بنكهة الكاتشب ٢٣*١١ غرام,11.0
94,سنيكرز - شوكولاتة كريسبر ٣٠٠.٨غرام,17.0
95,ليز ماكس - رقائق البطاطس بالفلفل المكسيكي  الحار  ١٧٠غرام,5.0
96,كيتكات - ويفر بالشوكولاتة ٣٦+٦*٢٠.٥ غرام,35.0
97,بيوقلز - قراقيش ذرة بطعم الجبن ١٢٥غرام,6.0
98,العربي - زيت طبخ ٢*١.٨ لتر,33.0
99,نوفا - مياه شرب ٢٤*٥٥٠ مل,15.0
100,فيتنس - رقائق فطور من الحبوب الكاملة ٣٧٥ غرام,14.0
101,أولايت - زيت الكانولا ٢*١.٨ لتر,24.0
102,ريتز - بسكويت مالح ١٦*٤١ غرام,15.0
103,دوريتوس - رقائق الذرة حار وحلو ١٢*٢٣ غرام,12.0
104,قودي - خل طبيعي ٩٨٠  مل,3.0
105,الهدا - مياه شرب ٣٢*٣٣٠ مل,16.0
106,كوبوليفا - زيتون اسود شرائح ١١٥ غرام,5.0
107,سفن دايز - كروسان بحشوة كريمة الكاكاو ٥+١*٥٥ غرام,5.0
108,ساديا - ناجتس دجاج مقرمش ٧٥٠ غرام,25.0
109,بوني - حليب مبخر كامل الدسم ١٧٠ غرام,2.0
110,رضوى - دجاج طازج فاخر ٩٠٠ غرام,14.0
111,ساديا - نقانق دجاج ٣٤٠ غرام,5.0
112,السنبلة - بازيلا و جزر مجمدة ٤٥٠ غرام,8.0
113,البطل  - فشار بطعم الزبدة ١١*٢٣غرام,9.0
114,هيرشيز - كيتشن رقائق الشوكولاتة بالحليب ١٢ اونصه,18.0
115,تويكس مينيتورس -  بسكويت وكراميل مغطى بالشوكولاتة بالحليب ١٥٠ غرام,13.0
116,غندور يمامة - كيك الفانيليا ١٢*٢٣ غرام,6.0
117,الوليمة -  أرز مزة بسمتي حبة طويلة ٥ كيلو جرام,38.0
118,نسكافيه جولد -  قهوة  سريعة التحضير ١٠٠ غرام,27.0
119,ذوق - قهوة عربية سريعة التحضير ٢٥٠ غرام,20.0
120,قودي - ذرة ذهبية ( كاملة الحبوب ) ٣٤٠ غرام,4.0
121,قودي - فطر مقطع شرائح ٤٠٠ غرام,6.0
122,بوتان - لحم تونا خفيف ١٨٥  غرام,6.0
123,جالكسي ميني - شوكولاتة بالحليب ناعمة وغنية ٢٥٠ غرام,12.0
124,ندى - معجون طماطم  ٨*١٣٥ غرام,7.0
125,العين -  مياه شرب معبأة ٤٠*٣٣٠ مل,18.0
126,كي دي دي - عصير التفاح ١٠٠٪ طبيعي ٢٤*١٨٠ مل,23.0
127,كادبري - شوكولاتة فلايك ١٨٨.٥ غرام,9.0
128,ساديا - صدور دجاج طرية ٢ كيلو,53.0
129,داناو - مشروب عصير بالحليب بنكهة البرتقال والموز والفراولة  ٦*١٨٠ مل,5.0
130,سنكرس ميني - شكولاتة مع الكراميل والفول السوداني ١٥٠ غرام,13.0
131,كوفي مايت - مبيض قهوة بالنكهة الاصلية ٤٠٠ غرام,16.0
132,دوريتوس - رقائق الذرة بنكهة جبنة الناتشو ١٢*٢٣ غرام,12.0
133,نسكافيه - قهوة  ٣ في ١  سريعة التحضير ٣٠*٢٠ غرام,18.0
134,المراعي - حليب مبخر ١٧٠ غرام,2.0
135,بيوقلز - قراقيش ذرة بطعم المشوي المدخن ١٢٥ غرام,6.0
136,بيرفيتو - مكرونة أقلام ٥٠٠ غرام,4.0
137,قودي - فشارعبوة ٨٥٠ غرام,14.0
138,داناو - عصير بالحليب مدعم ب ٥ فيتامينات ٦*١٨٠ مل,5.0
139,قودي - لايت لحم تونا مع زيت دوار الشمس ١٨٥ غرام,7.0
140,بيتي كروكر - خليط فطائرالبانكيك بزبدة الحليب  ٩٠٧ غرام,14.0
141,شيتوس كرنشي حار نار ٢٠٠ غرام,7.0
142,فيتنس - لوح الرقائق  بالشوكولاتة ٦*٢٣.٥ غرام,16.0
143,تانيا - مياه معدنية ٤٠*٣٣٠ مل,15.0
144,قودي - مكرونة مبرومة ٥٠٠ غرام,4.0
145,توبليرون - ميني شوكولاتة ٢٠٠  غرام,9.0
146,هاينز - طماطم كاتشب  ٩١٠ غرام,18.0
147,دوريتوس - بنكهة جبنة الناتشو ١٨٠ غرام,5.0
148,نسكويك - مسحوق شراب الكاكاو ٤٥٠ غرام,19.0
149,رضوى - قطع دجاج طازجة ٩٠٠ غرام,15.0
150,بيتي كروكر - خليط كيك شوكولاتة سوداء * سوبر مويست * ٥٠٠ غرام,11.0
151,بيبسي دايت ٣٣٠ مل,2.0
152,المراعي - عصير الفواكه المشكلة ١.٥ لتر,4.0
153,جالكسي ميني - شوكولاتة بالحليب ناعمة وغنية ١٥٠ غرام,12.0
154,ليبتون - شاي مثلج بنكهة الخوخ ٦*٣٢٠ مل,11.0
155,المراعي - عصير ليمون ونعناع ١.٥ لتر,4.0
156,ليز - شرائح البطاطس بالكاتشاب ١٤*٢٣ غرام,8.0
157,الشعلان - أرز بسمتي ٥ كغم,35.0
158,ليبيز - حبوب ذرة كاملة ٣*٣٤٠ غرام,9.0
159,قودي - زبدة الفول السوداني خشنة ٥١٠   غرام,13.0
160,الأسرة - سكر ناعم  ١٠ كيلو,26.0
161,كيندر - شوكولاتة ٤ ألواح ٥٠ غرام,2.0
162,قودي - تونة خفيفة بزيت الزيتون ١٦٠ غرام,8.0
163,السنبلة - فاصوليا خضراء مقطعة مجمدة ٤٥٠ غرام,8.0
164,ميستر كريسبس - كرات الجبنة  ٨٠ غرام,7.0
165,باونتي مينيتورس -  قطع شوكولاتة محشوة بجوز الهند ١٥٠ غرام,13.0
166,تشيريوز - حبوب الإفطار بالعسل ٣٧٥ غرام,20.0
167,كيندر جوي - شوكولاتة  للبنات ٢٠ غرام,3.0
168,جرين فارمز - أرز مصري ٥ كيلو جرام,29.0
169,كوكا كولا ٢٥٠ مل,2.0
170,أوريو - كيك مغطى بشوكولاتة كادبوري ١٢*٢٤ غرام,9.0
171,لو ساريتا  - كيك العائلة بالشوكولاتة ٢٣٠ غرام,13.0
172,برينجلز - رقائق البطاطس بالطعم الاصلي ١٦٥غرام,9.0
173,السعودية - معجون الطماطم ١٣٥ غرام,1.0
174,"نخيل - زيت نباتي  ١,٨ لتر",10.0
175,ساديا - أنصاف صدور دجاج مجمدة بدون عظم وبدون جلد ٢.٥ كغم,59.0
176,الوزير - زيت زيتون ٥٠٠ مل,17.0
177,تريفا - لايت لحم تونة مع الزيت النباتي ٨٠ غرام,3.0
178,فلوريدا ناتشورال - عصير بنكهة البرتقال مع اللب ١.٨ لتر,19.0
179,إندومي - شعيرية بنكهة الدجاج ٥*٧٠  غرام,6.0
180,ليز - رقائق البطاطس بالملح ١٤*٢٣ غرام,8.0
181,فوم - دقيق بر١ كغم,2.0
182,ساديا - دجاج مجمد ١١٠٠ غرام,10.0
183,نابيسكو - ريتز بسكويت مالح ٤١ غرام,1.0
184,"العربي - زيت نباتي ١,٨ لتر",16.0
185,بيبسي ٢.٢٥لتر,8.0
186,امريكانا - ناجت الدجاج ٧٥٠ غرام,16.0
187,امريكانا - فلافل بالخلطة الأصلية ٥٠٠ غرام,6.0
188,عافية - زيت ذرة صافي ٢*١.٨ لتر + ٧٥٠ مل,47.0
189,المراعي - عصير بنكهة التوت المشكل ٢٠٠ مل,1.0
190,بيتي كروكر - خليط كيك بنكهة الفانيلا ٥١٧ غرام,11.0
191,أمريكانا - ستربس الدجاج حار و مقرمش ٧٥٠ غرام,19.0
192,نستلة - ماجي شوربة الدجاج بالشعيرية ٦٠ غرام,3.0
193,المراعي - عصير برتقال مع اللب ١.٥ لتر,4.0
194,بنجابي المهيدب - ارز ابيض بسمتي ٥ كيلو,42.0
195,نستله - حليب مكثف محلى ٣*٣٩٥ غرام ١٠٪ خصم,20.0
196,كلوقز - كوكو بوبس رقائق الذرة المقرمشة بالشوكولاتة ٣٧٥ غرام,13.0
197,أروى - مياه شرب ٤٠*٣٣٠ مل,18.0
198,دريم ويب - مزيج من كريمة التزيين المخفوقة ١٤٤ غرام,12.0
199,نوتيلا -كريمة البندق مع الكاكاو قابلة للدهن ٢٠٠ غرام,12.0
200,بيبسي دايت ٢٤*٣٣٠ مل,59.0
201,لورباك - رذاذ الطبخ ٢٠٠ مل,22.0
202,نسكافيه دولتشي - كبسولات قهوة  كابتشينو  ١٨٦.٤ غرام,36.0
203,أولكر - بسكويت الشاي ١٢*٨٠ غرام,12.0
204,كيندر جوي - شوكولاتة للأولاد ٢٠ غرام,3.0
205,النخلة - حلاوة طحينية ساده ٥٠٠ غرام,16.0
206,ليبتون - شاي أحمر ١٠٠ كيس,17.0
207,المراعي - عصير مانجو ٢٠٠ مل,1.0
208,مينيز -  شوكولاتة متنوعة ٥٠٠ غرام,35.0
209,ستيفيانا - محلي خالي السعرات الحرارية ( ١٠٠ كيس ),25.0
210,زيتون أسود اسباني,18.0
211,اليوم - سيقان دجاج ١٠٠٠غرام,22.0
212,اندومي - شعيرية مقلية ٤٠*٧٥  غرام,43.0
213,نستله - كونتري كورن فليكس  ٣٧٥ غرام,12.0
214,السنبلة - سبانخ مجمدة ٤٠٠ غرام,3.0
215,ليز - رقائق البطاطس بالفلفل الحار ٢١غرام,1.0
216,مكفتيز - بسكويت دايجستف مغطى بالشوكولاتة الداكنة ٢٠٠ غرام,9.0
217,حدائق كاليفورنيا - فول مدمس مقشور بالخلطة السرية ٤٥٠ غرام,5.0
218,نستله -  حليب مكثف محلى  ٩٠ غرام,3.0
219,كريستال - شطة حارة ١٧٦ مل,3.0
220,بيتي كروكر - خليط  البراوني بمكعبات الشوكولاتة ٥٠٠ غرام,13.0
221,قودي - مكرونة خواتم صغيرة ٥٠٠ غرام,4.0
222,بون مامان - مربى الفراولة ٣٧٠ غرام,12.0
223,ليز - رقائق البطاطس بالملح والخل ٢٣غرام,1.0
224,قودي - ذرة ذهبية كاملة ١٩٨ غرام,3.0
225,البطل - فشار بنكهة الجبنة ١٢*٢٣ غرام,10.0
226,امريكانا - اصابع الدجاج  ٤٠٠ غرام,9.0
227,السنبلة - بامية زيرو مجمدة ٤٠٠ غرام,8.0
228,المراعي - قشطة معدلة بالزيت النباتي ١٧٠ غرام,3.0
229,كريسبي - شيبس حروف  ٨٠ غرام,3.0
230,نسكويك - حبوب افطار بالشوكولاتة ٦٢٥ غرام,27.0
231,امريكانا - هوت دوج بقري ٤٥٠ غرام,10.0
232,ارم اند هامر - بيكنج صودا ٤٥٤ غرام,8.0
233,فرشلي - صلصة البيتزا  ٤٥٤ غرام,9.0
234,تاك تات - لوز امريكي ٢٥٠ غرام,13.0
235,المراعي - عصير برتقال و أناناس ١.٥ لتر,4.0
236,بلفيتا - كليجا مع الهيل ١٢*٦٢ غرام,12.0
237,غندور يمامة - كيك الفانيليا و الكاكاو ١٢*٢٣ غرام,6.0
238,قودي - شعيرية مقطعة ٥٠٠ غرام,4.0
239,البيكر - طحين فاخر لجميع الاستعمالات  ١ كغم,4.0
240,تويكس - شوكولاتة بايتس ١٧٠ غرام,12.0
241,ساديا - نقانق دجاج مدخنة ٣٤٠ غرام,5.0
242,هاينز - صلصة طماطم ٨×١٣٥ غرام,10.0
243,أولكر - شوكو ساندويش ٢٠*٢٢.٥ غرام,9.0
244,مكفتيز- بسكويت دايجستف مغطى بالشوكولاتة ٣٠٠غرام,9.0
245,نسكافيه  - قهوة رد مج سريعة التحضير ٢٠٠ غرام,32.0
246,قودي - شرائح الأناناس ٥٦٧ غرام,6.0
247,المراعي - عصير المانجو ١.٥ لتر,4.0
248,ليبتون - شاي أسود ١٥٠ كيس,25.0
249,"السنبلة - رقائق هشة ""بف بيستري"" قليلة الدسم ٤٠٠ غرام",8.0
250,السعودية - معجون طماطم ١٦*١٣٥ غرام,10.0
251,سيف - خميرة فورية ١٢٥غرام,5.0
252,نادك -  زيت زيتون بكر ممتاز ٥٠٠ مل,24.0
253,بيريه - مياه غازية ٦*٢٠٠ مل,27.0
254,قودي - لحم تونة خفيف ٩٠ غرام,4.0
255,مكفتيز - بسكويت دايجستيف بالقمح لايت ٤٠٠ غرام,13.0
256,ليز - شرائح البطاطس بالجبنة الفرنسية ١٤*٢٣ غرام,8.0
257,المراعي - عصير توت مشكل ١،٥ لتر,4.0
258,فيمتو - شراب التوت  ٧١٠ مل,10.0
259,سيزر - شراب بنكهة البرتقال والجزر ١ لتر,5.0
260,تريفا - مكرونة سباغيتي ٤٠٠ غرام,3.0
261,كوكو بفس - كرات الحبوب المحلاة بطعم الشوكولاتة ٣٧٥ غرام,22.0
262,تيشوب - بسكويت ماري ١٢*١٠٤ غرام,11.0
263,اكوافينا - مياه شرب معبأة ٦*١،٥ لتر,7.0
264,لامب ويستون - بطاطس أصلية ٢٥٠٠ غرام,22.0
265,المراعي - عصير كوكتيل التفاح ١.٥ لتر,4.0
266,قودي - تندرينا تونة ناعمة ١٨٥ غرام,7.0
267,المراعي - كوكتيل برتقال ١،٥ لتر,4.0
268,برينجلز  -  رقائق بطاطس بالنكهة الأصلية ٢٠٠ غرام ٢٠٪ كمية إضافية,8.0
269,سن توب - شراب بنكهة البرتقال مدعم بفيتامين سي ١٢٥ مل,0.0
270,كندر بوينو - ميني شوكولاتة بالحليب و البندق  ١٠٨ غرام,10.0
271,مونتانا - بامية زيرو مجمدة ٤٠٠ غرام,8.0
272,اكوافينا - مياه شرب معبأة٣٠*٣٣٠ مل,13.0
273,ابو قوس - حليب مبخر أصلي ١٧٠ غرام,2.0
274,قودي - لازانيا ٥٠٠غرام,12.0
275,السنبلة - بامية إكسترا مجمدة ٤٠٠ غرام,8.0
276,يمامة - دبس رمان ٣٠٠  مل,12.0
277,شمس - زيت دوار الشمس ٢*١.٨ لتر,24.0
278,كي دي دي - عصير الأناناس ١٠٠% طبيعي  ١ لتر,7.0
279,الربيع - شراب البرتقال ١٨*١٢٥ مل,9.0
280,نسكافيه جولد - قهوة  سريعة التحضير ٢٠٠ غرام,52.0
281,سان دالفور - مربى الفراولة بدون سكر مضاف ٢٨٤ غرام,19.0
282,وايت سوان - ارز كالروز٥  كيلو,30.0
283,كيت كات - ويفر الشوكولاتة  ٣٦ *٢٠.٥ غرام,27.0
284,سفن دايز - كيك بار بحشوة الفانيليا ١٢*٢٥غرام,6.0
285,سنكرس ميني - شوكولاتة مع الكراميل والفول السوداني ٢٧٥ غرام,12.0
286,بيب - حمص ٥٨٠ غرام,5.0
287,دو - دجاج مجمد ١٣٠٠ غرام,17.0
288,المراعي - عصير بنكهة المانجو والفواكه المشكلة ٢٠٠ مل,1.0
289,كي دي دي - عصير الأناناس ١٠٠% طبيعي ١٨٠ مل,1.0
290,أولكر - ويفر بالبندق ١٢*٤٠ غرام,12.0
291,برينجلز - رقائق البطاطس بنكهة الملح والخل ١٦٥غرام,9.0
292,نيدو - حليب مجفف مدعم ٤٠٠ غرام,18.0
293,منشيز - شوكولاتة بالحليب والكراميل و البسكويت المقرمش ٥٢ غرام,3.0
294,ليز - رقائق البطاطس بالملح والخل١٦٠ غرام,4.0
295,بينت بتر اند كو - زبدة فول سوداني ٤٥٤ غرام,22.0
296,إندومي - شعيرية مقلية حار ومبهر ٥*٨٥  غرام,6.0
297,ليز - رقائق البطاطس بالفلفل الحار ١٦٠ غرام,4.0
298,كلوقز - كورن فليكس ١ كغم,31.0
299,ليز فورنو - شرائح البطاطس بالفلفل الأسود ١٦٠ غرام,7.0
300,نسكافيه  جولد - قهوة  كابوتشينو سريعة التحضير غير محلاة  ١٠*١٤.٢ غرام,20.0
301,هناء - طماطم كاملة مقشرة ٤٠٠ غرام,2.0
302,تانيا - مياه معدنية ٢٠٠*٤٨ مل,17.0
303,سفن اب فري ٣٣٠ مل,2.0
304,تيفاني - ديلايت كوكيز برقائق الشوكولاتة ٤*١٠٠ غرام,8.0
305,نوتيلا - كريمة البندق و الكاكاو ٨٢٥ غرام,33.0
306,دو - دجاج مجمد ١٢٠٠ غرام,12.0
307,تسالي - رقائق بطاطس بطعم الكاتشب  ١٧٠ غرام,5.0
308,الكبير - فطيرة ساده ٤٠٠ غرام,6.0
309,أروى - مياه شرب ٦*١.٥ لتر,8.0
310,نستله - كونتري كورن فليكس ١ كغم,19.0
311,امريكانا - برجر بقري جامبو ١ كغم,28.0
312,فرشلي - توابل إيطالية ٣٤ غرام,6.0
313,النخلة - حلاوة طحينية فاخرة سادة ٢٥٠ غرام,9.0
314,الوزير - زيت زيتون بكر ممتاز ٥٠٠ مل,16.0
315,ليزماكس - رقائق البطاطس بجبنة تشيدار بالكريمة ١٧٠ غرام,5.0
316,جالكسي - كيك الشوكولاتة ٥*٣٠ غرام,12.0
317,قودي - مكرونة أكواع ٥٠٠ غرام,4.0
318,أبو قوس - حليب  مبخر ١٠*١٥ مل,4.0
319,فيتنس - رقائق مصنوعة من الحبوب الكاملة ٣٧٥ غرام + ٢٠٪ مجاناً,19.0
320,لوتس - بسكويت بالكراميل ٢٥٠ غرام,11.0
321,العلالي - نشاء الذرة  ٤٠٠ غرام,5.0
322,فرشلي - ذرة حب ٣*١٨٥ غرام,9.0
323,نسكافيه أربيانا - قهوة عربية سريعة التحضير بنكهة الهيل ٢٠*٣ غرام,26.0
324,ساديا - فيليه دجاج بالبقسماط ٤٨٠ غرام,9.0
325,فرشلي - خردل  أصفر ٢٦٦ مل,4.0
326,قودي - مكرونة لسان العصفور ٥٠٠ غرام,4.0
327,توفو -حلاوة التوفي الأصلية ١٩.٢ غرام,0.0
328,بيبسي ١٥*١٥٠ مل,25.0
329,فرشلي - بودرة البصل ٨٥ غرام,8.0
330,مكفتيز دايجستف - بسكويت بكريمة الشكولاتة ١٦*٤٤ غرام,16.0
331,لامب وستون - بطاطس أصلية مجمدة ١ كغم,9.0
332,فلوريدا ناتشورال - عصير بنكهة البرتقال والاناناس ١.٨ لتر,19.0
333,ميستر كريسبس - بطاطا مقرمشة بنكهة الفلفل ٦٥ غرام,7.0
334,كوبوليفا - زيتون اسود شرائح ٣٦٠ غرام,15.0
335,السنبلة - قواعد بيتزا متوسطة ٣ حبات ٤٩٥ غرام,11.0
336,دريم ويب - مزيج من كريمة التزيين المخفوقة ٧٢ غرام,6.0
337,باطوق للعلك - مستكه طبيعية ٤٠ حبه,15.0
338,مكاتي -  حليب جوز الهند ٤١٤ مل,4.0
339,كيندر - بوينو قطعتان مغلفة فردياً ٤٣غرام,2.0
340,هرشيز - رقائق شوكولاتة شبه محلاة ٢٧٥ غرام,12.0
341,ساديا - صدور دجاج بالبقسماط ٤٨٠ غرام,9.0
342,بريك - أصابع ويفر بالشوكولاتة ٢٤*١٥.٥ غرام,12.0
343,طيبات الامارات - فطيرة ٥ قطع,4.0
344,بيرفيتو - مكرونة فيتوتشيني ٤٠٠ غرام,4.0
345,بوني - حليب مبخر كامل الدسم  ١٧٠غرام,3.0
346,مكفتيز دايجستف - كرات البسكويت مغطاة بشوكولاتة الحليب ١٢٠ غرام,7.0
347,ساديا - بطاطس مقلية مجمدة رفيعة ٢.٥ كغم,23.0
348,برينجلز - رقائق البطاطس بنكهة الشواء ١٦٥غرام,9.0
349,كادبري - شوكولاتة ديري ميلك بابلز ٤*٢٨ غرام  + ١ مجانا,6.0
350,الشفاء - عسل طبيعي ١ كغم,55.0
351,فيمتو - شراب بنكهة التوت ٢٥٠ مل,1.0
352,سيمبلي سفن - رقائق العدس بنكهة الهالبينو ٣.٦٥ اونصة,10.0
353,شوكابيك - رقائق القمح الكاملة بطعم الشوكولاتة  ٣٧٥ غرام,18.0
354,زيتون كالاماتا وسط,31.0
355,ساديا - ناجتس دجاج مقرمش ٢٧٠ غرام,11.0
356,لوتس - زبدة البسكويت قابلة للدهن ٤٠٠ غرام +١٠٠ غرام مجاناً,21.0
357,قودي - مايونيز لايت  ٣٣٢ مل,12.0
358,مارس مينيتورس - شوكولاتة بالحليب بالنوغة الطرية محشوة بالكراميل ١٥٠ غرام,13.0
359,سفن أب ٣٣٠ مل,2.0
360,تويكس- شوكولاتة  ميني  ٢٧٥ غرام,12.0
361,ام اند امز - حبات من الشوكولاتة محشوة فول سوداني بغلاف مقرمش١٨٠ غرام,13.0
362,تيشوب رينجو - ويفر رول  محشوة بالبندق والشوكولاتة  ١٢*١٦غرام,11.0
363,ناتشر فالي - ألواح الغرانولا المقرمشة بالشوفان والعسل ٦*٤٢ جرام,13.0
364,كويكر - كوكيز الشوفان مع قطع الشوكولاتة ١٢٦ غرام,6.0
365,قودي - فشار ٢٨٤غرام,4.0
366,ربيع - شاي التوليفة الفاخرة ١٠٠كيس,19.0
367,السنبلة - رقائق السبرنج رول ١٦٠ غرام,4.0
368,سفن اب ٢.٢٥لتر,8.0
369,ميرندا حمضيات ٢٤*٣٣٠ مل,59.0
370,ديليسيو - رائحة الفانيلا ٢٨ مل,2.0
371,السنبلة - بطاطس مقلية مجمدة ٢.٥ كغم,9.0
372,السنبلة - براتا بالطعم الآسيوي ٤٠٠ غرام,4.0
373,‌أولايت - زيت كانولا صافي ١.٨ لتر,20.0
374,رضوى - سيقان دجاج طازجة ٩٠٠ غرام,14.0
375,فقيه - دجاج مبرد طازج ٩٠٠ غرام,14.0
376,رنا - شطة ١٠٠  مل,1.0
377,مجدي - كمون ناعم ٩٠ غرام,5.0
378,فوستر كلاركس- دقيق الذرة (نشا) ٢٠٠غرام,2.0
379,ناشونال - شعيرية باكستانية ١٥٠ غرام,1.0
380,كوكو بوبس - رقائق إفطار مقرمشة بنكهة الشوكولاتة ٣٧٥ غرام,13.0
381,كلوقز - كورن فليكس مغطى بالسكر ٥٠٠ غرام,25.0
382,كريسبي - حلقات بنكهة الجبن ٢٣*١٢ غرام,11.0
383,الأسرة - سكر بني طبيعي ١ كغم,9.0
384,السنبلة - عجينة جلاش فاخرة ٥٠٠ غرام,8.0
385,نسكافيه كلاسيك - قهوة سريعة التحضير ١٠٠  غرام,12.0
386,قودي - مكرونة فيتوتشيني ٥٠٠ غرام,9.0
387,رينجو - رقائق بسكويت هشة محشوة بالشوكولاتة ١٢*١٦ غرام,11.0
388,شيتوس - كرنشي بالجبنة ٢٠٥غرام,7.0
389,برينجلز - رقائق البطاطس بنكهة الحراق١٦٥غرام,9.0
390,سان دالفور - مربى توت العليق الأحمر بدون سكر مضاف ٢٨٤ غرام,19.0
391,العيون -  مياة شرب معباة ٤٠*٣٣٠ مل,16.0
392,ليبتون - شاي مثلج بنكهة الخوخ ٣٢٠ مل,2.0
393,كيت كات-  أصابع ويفر الشوكولاتة ٤١.٥ غرام,2.0
394,اولكر - هالي كيك ٢٠*٢٦غرام,11.0
395,"السنبلة - رقائق هشة ""بف بيستري"" ٢٠ قطعة",12.0
396,مكفتيز دايجستف - كرات البسكويت مغطاة بالشوكولاتة الداكنة وشوكولاتة الحليب ١٢٠ غرام,7.0
397,نستله - كونتري كورن فليكس ٨٠٥ غرام,20.0
398,نور - زيت دوار الشمس ٣ لتر,26.0
399,تريفا - مكرونة ديتاليني ريجاتي ٤٠٠ غرام,2.0
400,بيرفيتو - مكرونة إيطالية ٥٠٠غرام,4.0
401,نستله - شوكولاتة ميني مشكلة ٤٨٠ غرام,19.0
402,هناء - مياه شرب معبأة ٢٤*٣٣٠ مل,10.0
403,كويكر - كوكيز الشوفان مع قطع الشوكولاتة ٣٠*٩ غرام,15.0
404,بيتي كروكر - خليط كوكيز بقطع الشوكولاتة ٤٩٦ غرام,13.0
405,سن توب - شراب برتقال ٢٤*٢٥٠ مل,21.0
406,الشفاء - عسل طبيعي ٥٠٠ غرام,21.0
407,فلوريدا ناتشورال - عصير بنكهة البرتقال مع اللب ٩٠٠ مل,10.0
408,دافيدوف - قهوة * ريتش اروما *  ١٠٠ غرام,20.0
409,بيرفيتو - شعيرية  ٢٥٠ غرام,4.0
410,بيك أب مينيز شوكولاتة  ١٠٦ غرام,10.0
411,هناء - طماطم مقطعة ٤٠٠ غرام,3.0
412,كلوقز - كوكو بوبس ٥٠٠ غرام,24.0
413,امريكانا - ناجت الدجاج المرحة ٤٠٠ غرام,15.0
414,أرض البركة - دقيق بر خليجي ١ كغم,4.0
415,ليز -رقائق البطاطس بنكهة الكاتشاب ١٦٠غرام,4.0
416,كندر - شوكو بنز رقائق مقرمشة بحشوة الحليب والكاكاو ٩٢ غرام,9.0
417,قودي - فطيرة سادة بالقمح الكامل ٤٨٠ غرام,8.0
418,ألوها - لحم تونة لايت خفيفة مع الزيت النباتي ١٨٥ غرام,5.0
419,قودي - مكرونة أنابيب ٥٠٠ غرام,4.0
420,ساديا - أنصاف صدور دجاج مجمدة بدون عظم وبدون جلد ٩٠٠ غرام,21.0
421,التنمية - دجاج طازج ٣*٧٠٠ غرام,34.0
422,أبازير - بذور الشيا العضوية ٢٠٠ غرام,26.0
423,هرشيز - شراب الشوكولاتة ٦٥٠ غرام,18.0
424,امريكانا - بوب كورن الدجاج ٧٥٠ غرام,16.0
425,كندر - شوكولاتة جوي  للبنات  ٣*٢٠ غرام,11.0
426,ليندت - اكسيلنس شوكولاتة غامقة ١٠٠ غرام,15.0
427,قودي - زبدة فول سوداني ناعمة ٣٤٠ غرام,9.0
428,بوني - حليب مبخر كامل الدسم ١٠X١٥غرام,4.0
429,قودي - مكرونة ٥٠٠ غرام,4.0
430,المراعي نجوم - عصير تفاح ١٨٠ مل,1.0
431,قودي - لايت لحم تونة مع زيت دوار الشمس ٩٠ غرام,4.0
432,كويكر - مكرونة بينيه بالشوفان ٤٥٠ غرام,5.0
433,فرشلي - فلفل اسود مطحون  ٨٥ غرام,13.0
434,حدائق اورينت - دبس رمان (٢٥٠غ),11.0
435,غندور يمامة - كيك الفراولة ١٢*٢٣ غرام,6.0
436,رقائق كنتري كورن فليكس بالعسل ٣٧٥ غرام,15.0
437,المراعي - عصير البرتقال ١.٥ لتر,4.0
438,ليبتون - شاي أسود العلامة الصفراء  ٢٥ كيس,5.0
439,الهدا - مياه شرب ٢٤×٠،٦لتر,17.0
440,قودي فيلور - حليب مكثف محلى كامل الدسم  ٣٩٥غرام,7.0
441,ليبز - كتشاب الطماطم ٧٦٠ غرام,13.0
442,باونتي ميني -  قطع شوكولاتة محشوة بالجوز الهند ٢٧٥ غرام,12.0
443,ام اند امز - حبات من الشوكولاتة بالحليب بغلاف مقرمش ١٨٠ غرام,13.0
444,ديمه - بسكويت بالتمر ١٨*٢٥ غرام,7.0
445,جالكسي - تشكيلة متنوعة من الكيك ٥*٣٠ غرام,12.0
446,نوفا - مياه معدنية ٤*٥ لتر,15.0
447,لامب وستون - بطاطس كريسكت مجمدة ٧٥٠ غرام,13.0
448,باونتي - شوكولاتة محشوة بجوز الهند ٥*٥٧ غرام,16.0
449,فرشلي - بابريكا فلفل حلو ٩٠.٧١ غرام,7.0
450,بينت بتر اند كو - زبدة فول سوداني خشنة ٤٥٤ غرام,22.0
451,دو - نقانق دجاج مطبوخة و مجمدة الطعم الأصلي ٤٠٠ غرام,3.0
452,جرينز - كارميل الأصلية ٤٩ غرام,1.0
453,ليون - لوح  شوكولاتة  ٤٢ غرام,2.0
454,بيبسي ١ لتر,4.0
455,بوني - حليب مبخر قليل الدسم ١٧٠ غرام,3.0
456,غندور وافل - وافل الكراميل ٢٤*٢٨ غرام,12.0
457,توفي كريسب ٣٨ غرام,2.0
458,حياة - عدس احمر مجروش ٥٠٠غرام,8.0
459,راوخ - شراب بنكهة التفاح ٢٥٠ مل,5.0
460,قودي - خل طبيعي  ٣.٧٤ لتر,11.0
461,فارم - سمن طبيعي نقي ٤٠٠ جرام,20.0
462,أروى - مياه شرب ٢٤*٥٠٠ مل,15.0
463,ماجي - خلطة الدجاج بالكزبرة والثوم ٣٤ غرام,5.0
464,المراعي - عصير مانجو ألفونسو مع اللب ١.٥ لتر,4.0
465,توفي لك - بسكويت بالكراميل والشوكولاتة بالحليب ١٢*٣٦ غرام,11.0
466,نسكافيه دولتشي - كبسولات قهوة لاتيه مكياتو كراميل   ١٦٨.٨ غرام,36.0
467,السنبلة - فاصوليا خضراء مقطعة مجمدة ٩٠٠ غرام,8.0
468,نسكافيه اربيانا - قهوة عربية بالهيل سريعة التحضير ٣*١٧ غرام,12.0
469,بلفيتا - نخالة غنية بالالياف ١٢*٦٢ غرام,12.0
470,الصافي - عصير تفاح ١.٥ لتر,4.0
471,مجدي - فلفل أحمر حلو ببريكا ٩٥ غرام,9.0
472,السنبلة - ذرة حلوة مجمدة ٤٥٠ غرام,9.0
473,الوليمة  - أرز بسمتي ستايل  أبيض ١٠ كغم,64.0
474,بيوقلز - قراقيش ذرة بالطعم الاصلي١٢٥غرام,6.0
475,مكفتيز - بسكويت  دايجستف الأصلي ٢٥٠ غرام,8.0
476,ماجي - شوربة الدجاج مع أحرف المعكرونة ٦٦ غرام,4.0
477,ماجي - خلطة البشاميل ٨٠ غرام,5.0
478,برينجلز  -  رقائق بطاطس بالنكهة الحارة  ٢٠٠ غرام ٢٠٪ كمية إضافية,8.0
479,فيتنس - لوح الرقائق بالفراولة ٦*٢٣.٥ غرام,16.0
480,سن كولا - شراب بطعم الكولا بدون غازات ٢٤*١٢٥ مل,12.0
481,لانجنيز - عسل نحل صافي ٥٠٠ غرام,36.0
482,ندى - عصير رمان ١.٥ لتر,9.0
483,ديمه - بسكويت نخالة ٣*٣٤٠ غرام,10.0
484,تاك تات - فلفل اسود مطحون ١٠٠ غرام,5.0
485,ساديا - دجاج مجمد ١٠*١٠٠٠ غرام,132.0
486,إندومي -  كوب شعيرية بنكهة الخضار ٦٥  غرام,2.0
487,كي دي دي - عصير الأناناس ٢٤*١٨٠ مل,39.0
488,جالكسي ميني - شوكولاتة بالحليب ناعمة وغنية مع البندق ١٥٠ غرام,12.0
489,دول - توت مجمد ٣٥٠ غرام,19.0
490,بون مامان - كراميل ٣٨٠ غرام,17.0
491,امريكانا - فرانك بقري ٣٧٥ غرام,8.0
492,قودي - مايونيز ٤٧٣  مل,11.0
493,نونغشيم - شعيرية سريعة التحضير شين رامن ١٢٠ غرام,4.0
494,فرشلي - كاتشب الطماطم ٥٦٧ غرام,8.0
495,علي كافيه - قهوة سريعة التحضير كلاسيك* ٣ في ١ * ( ٣٥ ظرف ),28.0
496,التنمية - دجاج مبرد طازج ١٢٠٠ غرام,14.0
497,كي دي دي - عصير الأناناس ٦*١٨٠ مل,9.0
498,زيتون عين الجمل / كغم,19.0
499,بيتي كروكر - خليط الكيكة الأبيض  ٥١٧ غرام,11.0
500,ليز - رقائق البطاطس بنكهة الكاتشاب ٢١غرام,1.0
501,فرشلي - حمص حب ٣٧٠ غرام,4.0
502,حدائق اورينت - بيكربونات الصوديوم ٣٤٠ غرام,6.0
503,هولز - حلوى بنكهة الكرز ٢٥ غرام,1.0
504,مونتانا - لب مانجو مجمد و محلى ١ كغم,5.0
505,السنبلة - خضروات مشكلة مجمدة ٩٠٠ غرام,8.0
506,بيريه - مياة معدنية غازية  ٤*٣٣٠ مل,19.0
507,الشفاء - عسل طبيعي  ٢٥٠غرام,22.0
508,مجدي - جوز هند  مبشور ٢٠٠ غرام,8.0
509,كوكا كولا ٣٣٠ مل,2.0
510,فوستر كلاركس -  مسحوق كاسترد ٤٥٠ غرام,6.0
511,سفن أب ٢٤*٣٣٠ مل,59.0
512,شيتوس كرنشي حار نار ١٢*٢٥ غرام,13.0
513,ريجليز اكسترا- علكة بالنعناع الحار٨٤  غرام,13.0
514,حلواني اخوان - فانيليا ٢٠ غرام,3.0
515,ماجي -  مكعبات مرقة الدجاج ٢٠ غرام,0.0
516,جالكسي - كيك الفانيليا ٥*٣٠ غرام,12.0
517,أبو كاس -  بابكر أرز بسمتي  ١٠ كيلو جرام,79.0
518,نيدو - حليب مجفف مدعم ١٨٠٠ غرام,59.0
519,تريفا - مكرونة أصداف ٤٠٠ غرام,3.0
520,نوتيلا -كريمة البندق مع الكاكاو واصابع الخبز ٥٢ غرام,5.0
521,بيتي كروكر - خليط كيك أبيض بالشوكولاتة ٥٠٠ غرام,11.0
522,هرشيز- بودرة كاكاو ٢٢٦غرام,23.0
523,نسكافيه دولتشي -كبسولات قهوة لاتيه ١٦٠ غرام,36.0
524,السنبلة - خضروات مشكلة مجمدة ٤٥٠ غرام,8.0
525,كيت كات - إصبعين ويفر بالشوكولاتة ١٠+٢*٢٠.٥ غرام,7.0
526,تلدا - أرز بسمتي ٥ كغم,68.0
527,لوتس - بسكويت بالكراميل ٥٠ حبة,19.0
528,ريسز - شوكولاتة بزبدة الفول السوداني ٥١  غرام,3.0
529,المراعي - عصير بنكهة الجوافه مع اللب ٢٠٠ مل,1.0
530,غندور يمامة - كيك البراونيز ١٢*٢٣ غرام,6.0
531,مارس - شكولاتة بالحليب بالنوغة الطرية محشوة بالكراميل ٦*٥١ جرام,19.0
532,نايتشر فالي - لوح مقرمش بالشوفان و اللوز المحمص ٦*٤٢ غرام,13.0
533,باريلا - بيستي جينوفيز صلصة الباستا ١٩٠غرام,17.0
534,إندومي - شعيرية سريعة التحضير بنكهة الدجاج الخاصة ٤٠*٧٥ غرام,43.0
535,سفن دايز - سويس رول بحشوة الفانيليا ١٢ *٢٠غرام,6.0
536,حياة - بقسماط ٣٠٠ غرام,3.0
537,البطل - دبّي سناكس الذرة اللذيذة بنكهة الطماطم الحلوة ١٨ غرام,0.0
538,نستله - كونتري كورن فليكس  ٧٠٠ غرام,20.0
539,ميموريز - بسكويت الشاي الفاخر ١٥٠ غرام,2.0
540,قودي - مكرونة إسباكتيني ٤٥٠ غرام,4.0
541,كندر - ميني شوكولاتة بالحليب ٢٠ حبة صغيرة ١٢٠ غرام,10.0
542,فيريرو روشيه - شوكولاتة بالبندق ٢٠٠ غرام,25.0
543,سفن دايز - كيك بار بحشوة الشكولاته  ١٢*٢٥ غرام,6.0
544,سفن أب ١٥*١٥٠ مل,25.0
545,أوريو - كوكيز الشوكولاتة بالحليب ١٦*٣٨ غرام,18.0
546,زيتون أسود شرائح,18.0
547,ربيع - شاي اكسبريس ( ١٠٠ كيس ),19.0
548,الصافي - عصير برتقال ١.٥ لتر,4.0
549,كابريس - ويفر الشوكولاتة ١١٥ غرام,9.0
550,فرشلي - أوراق الريحان  ٢٣ غرام,6.0
551,داناو - مشروب عصير بالحليب بنكهة البرتقال والمانجو  ٦*١٨٠ مل,5.0
552,كيت كات تشنكي ميني ٥٠٠ غرام,26.0
553,كوكا كولا  ٤٠٠ مل,2.0
554,إندومي - كوب شعيرية بنكهة كاري الدجاج ٦٠  غرام,2.0
555,ميموريز - بسكويت الشاي الفاخر ١٢*٨٠ غرام,11.0
556,ليز ماكس - رقائق البطاطس بالفلفل المكسيكي الحار ٥٠ غرام,2.0
557,قودي - تونا تندرينا ٨٠ غرام,4.0
558,كيت كات تشنكي ٤٦ غرام,2.0
559,جالكسي - كيك الكراميل ٥*٣٠ غرام,12.0
560,قودي - طماطم مقطعة في عصير الطماطم ٤٠٠ غرام,3.0
561,لوزين - كب كيك شوكولاتة ١٨*٣٠ غرام,10.0
562,بونس -  زيت زيتون بكر ممتاز ٥٠٠ مل,23.0
563,حياة - زيت نباتي للطبخ ١.٥ لتر,11.0
564,زيتون أخضر محشي اسباني,19.0
565,لورينز -شيبسلتين  رقائق البطاطا بنكهة الفلفل الأحمر ١٠٠ غرام,4.0
566,نادك -  زيت زيتون بكر ممتاز ٢٥٠ مل,12.0
567,ماجي - مرقة دجاج بالأعشاب الطبيعية ٨*١٠ غرام,4.0
568,"هالة - زيت نباتي صافي ١,٨ لتر",11.0
569,سنكرس - شكولاتة مع الكراميل والفول السوداني ٣٠٠ غرام,16.0
570,حلواني - سكر ابيض ٥ كغم,27.0
571,مكفتيز - بسكويت دايجستيف بالقمح لايت ٢٥٠ غرام,9.0
572,تريفا - شعيرية مقطعة ٤٠٠ غرام,3.0
573,تيشوب - بسكويت ماري ٩٠ غرام,1.0
574,المراعي - عصير عنب ١.٥ لتر,4.0
575,تسالي - رقائق البطاطس بالكاتشب ١٢*٢٨ غرام,13.0
576,المراعي - عصير الفراولة ١.٥ لتر,4.0
577,كامب فاير - مارشميللو صغيرة ٣٠٠ غرام,15.0
578,مكفيتيز دايجستف - كرات البسكويت مغطاة بالشوكولاتة الداكنة ١٢٠ غرام,7.0
579,كوفي مايت - مبيض قهوة لايت ٤٥٠ غرام,20.0
580,ليبتون - شاي مثلج بنكهة الفواكه الحمراء ٦*٣٢٠ مل,11.0
581,تسالي - رقائق بطاطس بالفلفل الحار ١٦٠ غرام,4.0
582,كلوقز - كورن فليكس ٧٥٠ غرام,15.0
583,شاي أحمد - شاي الإفطار إنجليزي ١٠٠ كيس شاي,17.0
584,ليز فورنو - رقائق البطاطس بالجبنة الأصلية ١٦٠ غرام,7.0
585,قودي - فاصوليا مطبوخة بصلصلة الطماطم ٤٢٠ غرام,4.0
586,برينجلز  -  رقائق بطاطس بنكهة صوص تكساس المشوي ٢٠٠ غرام ٢٠٪ كمية إضافية,8.0
587,ميستر كريسبس - كرات الجبنة الحارة ٨٠ غرام,7.0
588,فرشلي - فشار الميكروويف بنكهة الزبدة الطبيعية ٢٩٧ غرام,9.0
589,لونا - معجون طماطم ٨*١٣٥ غرام,8.0
590,ريو ماري - سلطة الخضار مع التونا الخلطة المكسيكية ٢*١٦٠ غرام,28.0
591,سن توب - شراب برتقال مدعم بفيتامين سي ٢٥٠ مل,1.0
592,المراعي - عصير بنكهة الاناناس والخوخ ٢٠٠ مل,1.0
593,كندر بوينو - ويفر بالشوكولاتة و كريمة البندق ٤+١*٤٣ غرام,10.0
594,فرشلي - ذرة حب ١٨٥ غرام,3.0
595,المراعي - حليب مجفف كامل الدسم ٢.٥ كغم,62.0
596,لواكر تورتينا - ويفر بالشوكولاتة ١٢٥ غرام,18.0
597,كريك كراك - رقائق البطاطس بالنكهة الخاصة ١٤٥غرام,3.0
598,ندى - عصير أناناس ١.٥ لتر,8.0
599,ليبتون - شاي العلامة الصفراء - شاي فرط ٤٠٠ غرام,18.0
600,السنبلة - شرائح البطاطس بالبهارات مجمدة ٧٥٠ غرام,9.0
601,تاك تات - سميد ناعم ٧٠٠ غرام,8.0
602,هاريبو - حلاوة جلي غولد بير ١٦٠ غرام,8.0
603,"السنبلة -رقائق هشة ""بف بيستري"" بالقمح الكامل بر ٤٠٠ غرام",8.0
604,الشفاء - عسل طبيعي  ٤٠٠غرام,31.0
605,إندومي - شعيرية سريعة التحضير بنكهة كاري الدجاج ٥*٧٥ غرام,6.0
606,كلينكس فيفا - مناديل للأغراض المنزلية ١٠ لفات + ٢ مجاناً,19.0
607,لندت - شوكولاتة داكنة ٨٥٪ كاكاو ١٠٠ غرام,15.0
608,كندر - شوكولاتة جوي للأولاد ٣*٢٠ غرام,11.0
609,ليندت - شوكولاتة داكنة مع البرتقال ١٠٠ غرام,15.0
610,ساديا - دجاج مجمد ١٣٠٠ غرام,21.0
611,المراعي - كوكتيل برتقال ٢٠٠ مل,1.0
612,جوديفا - لوح مضاعف بالشوكولاتة ٣٥ غرام,3.0
613,سيمبلي7 - رقائق الكالي بالليمون و زيت الزيتون  ٧٩ غرام,10.0
614,ابو قوس - حليب مبخر قليل الدسم ١٧٠ غرام,2.0
615,هاريبو - حلاوة  جلي كولا ١٦٠ غرام,8.0
616,العلالي - مسحوق الفانيلا  ٢٠ غرام,2.0
617,طعمة - حلاوة طحينية ساده ٢٥٠ غرام,8.0
618,كوكاكولا لايت ٣٣٠ مل,2.0
619,الوليمة - أرز مزة بسمتي ١٠ كغم,79.0
620,ليبتون - شاي أسود * أكثر تركيز *  ١٠٠ كيس,16.0
621,لورينز بومستيكس - بطاطس بالبابريكا ١٠٠ غرام,5.0
622,تاك تات - سميد ٢ كيلوغرام,14.0
623,المراعي نجوم - عصير برتقال ١٨٠ مل,1.0
624,مونتانا - بامية فاين مجمدة ٤٠٠ غرام,4.0
625,نسكافيه كلاسيك - قهوة سريعة التحضير ٣ في ١ ٢٤*٢٠ غرام,21.0
626,كادبري - شوكولاتة ديري ميلك بالأوريو ٣٨ غرام,3.0
627,تريفا - مكرونة أقلام مخططة ٤٠٠ غرام,3.0
628,فرشلي - فشار الميكروويف  ٩٤٪ خالي من الدسم و بنكهة الزبدة الطبيعية ٢٥٥ غرام,9.0
629,نوتيلا - بي ريدي ويفر محشو بالنوتيلا ٢٢ غرام,1.0
630,نيدو - حليب مجفف مدعم ٢٢٥٠ غرام + ٢٥٠ غرام  ( ١٠ % )  مجانا,54.0
631,فرشلي - خل أبيض ٩٠٧ مل,5.0
632,ليز - رقائق البطاطس بالجبن الفرنسي ١٦٠غرام,4.0
633,فيتنس - رقائق الحبوب الكاملة بالعسل واللوز ٣٥٥ غرام,22.0
634,امريكانا - كفتة بقري ١٠٠٠ غرام,16.0
635,نيدو - حليب مجفف مدعم ٢٥٠٠ غرام,79.0
636,اسناد - بهارات مشكل ٢٠٠ غرام,10.0
637,بيبسي ١٨* ٣٣٠ مل,37.0
638,رنا - شطة ٤٧٤ مل,4.0
639,ام اند امز - حبات  الشوكولاتة بالحليب صغيرة  بغلاف مقرمش ٣٠.٦ غرام,3.0
640,بينت بتر اند كو - زبدة فول سوداني بالشوكولاتة الداكنة ٤٥٤ غرام,30.0
641,كي دي دي - عصير البرتقال ١٠٠% طبيعي ١٨٠ مل,1.0
642,نسكافيه  جولد - قهوة  كابوتشينو سريعة التحضير ١٠*١٧ غرام,20.0
643,عزيمكو - ليمون ناشف امريكي ١٠٠ غرام,4.0
644,المراعي - سمن الزبدة النقي ٨٠٠ جرام,40.0
645,فرشلي - صلصة رانش٢٣٧ مل,7.0
646,أكوافينا - مياه شرب ٢٤*٦٠٠ مل,13.0
647,بيتي كروكر - خليط البراوني بالشوكولاتة ٤٩٦ غرام,13.0
648,مكفيتيز دايجستف - كرات البسكويت مغطاة بشوكولاتة الحليب مع الكراميل ١٢٠ غرام,7.0
649,عابد - جيلاتين بودرة ٧٠ غرام,9.0
650,فيتنس - لوح الرقائق بالشوكولاتة ٢٣.٥ غرام,3.0
651,كوبوليفا - زيتون اخضر شرائح ١١٤ غرام,5.0
652,ساديا - أفخاذ دجاج رفيعة مجمدة مع عظم وجلد ٩٠٠ غرام,18.0
653,كوكو بوبس - رقائق فطور بنكهة الشوكولاتة ٥٠٠ غرام,24.0
654,حدائق كاليفورنيا - فول مدمس مقشور بخلطة الكشنة السعودية٤٥٠ غرام,5.0
655,برينجلز - رقائق البطاطس بنكهة البصل والروبة ١٦٥غرام,9.0
656,نايتشر فالي - لوح مقرمش بالشوفان و التوت ٥*٤٢ غرام,13.0
657,دو - دجاج مجمد ١٠٠٠ غرام,10.0
658,أكوا فينا - مياه شرب ١٢* ٣٣٠ مل,5.0
659,بون مامن - مربي توت العليق الاحمر الفرنسي درجة اولى ٣٧٠  غرام,12.0
660,قودي - خل طبيعي * تفاح *  ٤٧٣ مل,3.0
661,دو - دجاج مجمد بدون أحشاء ١١٠٠ غرام,15.0
662,الصافي - عصير رمان ١.٥ لتر,4.0
663,سفن أب فري ٢٤*٣٣٠ مل,59.0
664,رويال امبريلا - رز تايلندي ذو الرائحة الزكية ٥ كيلو جرام,34.0
665,رافايلو - حلوى مع اللوز المقرمش وجوزالهند ١٥ حبة,11.0
666,وليمة - ملوخية مجمدة ٤٠٠ غرام,4.0
667,الكبير - ذرة حلوة مجمدة ٤٠٠ غرام,5.0
668,نيدو - حليب مجفف مدعم ٩٠٠ غرام,33.0
669,كابري سَن - شراب الفراولة ١٠*٢٠٠ مل,6.0
670,فرشلي - صلصة الباستا الإيطالية الكلاسيكية ٦٨٠ غرام,11.0
671,تيشوب - بسكويت الشاي ٨*٩٠غرام,7.0
672,نسكافيه - قهوة رد مج سريعة التحضير ٥٠ غرام,11.0
673,نستلة - ميلكي بار ١٢ غرام,1.0
674,كويكر - مكرونة سباجيتي بالشوفان ٤٥٠ غرام,6.0
675,ساديا - دجاج مجمد ٨٠٠ غرام,17.0
676,ملتيسيرس - كرات البسكويت المغطى بالشكولاتة ٣٧ غرام,3.0
677,قودي - فول مدمس ٤٥٠ غرام,2.0
678,كيت كات - ٤ اصابع ويفر الشوكولاتة ٦*٤١.٥ غرام,12.0
679,ليبتون -شاي اخضر عادي ١٠٠كيس,22.0
680,المراعي - حليب مجفف كامل الدسم ٤٠٠ غرام,16.0
681,كوبوليفا - زيتون اخضر شرائح ٣٦٠ غرام,15.0
682,امريكانا - كوكيز٦*١٠٠غرام,12.0
683,تاك تات - زعتر  ١٥٠ غرام,3.0
684,فيشر - فول سوداني محمص بالعسل ٢٥٠ غرام,7.0
685,وايت سوان - أرز كالورز ٢ كيلو جرام,12.0
686,بنجابي المهيدب - أرز بسمتي أبيض ١٠ كغم,90.0
687,فود ميكرز - بودرة كاكاو داكنة ٢٣٠ غرام,19.0
688,كوفيك - مسحوق قهوة الكراميل المثلجة سريع التحضير ١٠*٢٤ غرام,20.0
689,عزيمكو - عدس أبو جبة ٦٠٠ غرام,7.0
690,بيلجيان - شوكولاتة بالحليب و البندق بدون سكر مضاف ١٠٠ غرام,12.0
691,بيلجيان - شوكولاتة داكنة بدون سكر مضاف ١٠٠ غرام,11.0
692,قودي - تونة خفيفة بالفلفل الحار ١٨٠ غرام,7.0
693,جرينز - كريم كراميل  ٧٠ غرام,2.0
694,لورينز بومستيكس - بطاطس بالفلفل ١٠٠ غرام,5.0
695,فرشلي - أوراق الزعتر ٢٣ غرام,8.0
696,دافيدوف - قهوة * فاين اروما *  ١٠٠ غرام,20.0
697,طعمة - طحينة فاخرة ٥٠٠ غرام,18.0
698,كوبوليفا - زيتون أسود بدون عجو ٧٥  غرام,4.0
699,داري - رمان مجمد ١ كغم,14.0
700,الربيع - شراب بنكهة التفاح معزز بالفيتامينات ١٢٠ مل,1.0
701,قودي - مكرونة أصداف ٥٠٠ غرام,4.0
702,كادبري - شوكولاتة ديري ميلك ميني ٢٠٤ غرام,9.0
703,تشيريوز- رقائق الحبوب المتعددة ٣٧٥ غرام,20.0
704,قودي - شيرة البانكيك الأصلية  ٧١٠ مل,13.0
705,نسكافيه دولتشي - كبسولات قهوة موكا ٢١٦ غرام,36.0
706,جذور - عدس أحمر ٩٠٠ غرام,13.0
707,كوفيك - مسحوق قهوة موكا مثلجة سريع التحضير ١٠*٢٤ غرام,20.0
708,حدائق كاليفورنيا - لايت شرائح تونا مع الزيت النباتي ١٧٠ غرام,6.0
709,جالكسي - شوكولاتة كراميل ٤+١ مجانا,13.0
710,ساديا - ناجتس دجاج ميني شيف ٤٠٠ غرام,9.0
711,دريم ويب - مزيج من كريمة التزيين المخفوقة ٤*٧٢ غرام,22.0
712,البطل - بطاطس بنكهة الملح ١٤*٢٣ غرام,11.0
713,مجدي - كركم ناعم ١٠٠ غرام,4.0
714,مجدي - دارسين / قرفة ٤٠ غرام,4.0
715,بيرفيتو - مكرونة سيدانيني ٥٠٠ غرام,4.0
716,حدائق كاليفورنيا - فول مدمس خلطة الكشنة السعودية٤٥٠ غرام,5.0
717,مونتانا - سبانخ مجمدة ٤٠٠ غرام,3.0
718,امريكانا - صدور الدجاج المتبلة بالتوابل الإيطالية ٥٠٠ غرام,22.0
719,كويكر- رقائق شوفان كاملة٧٠٠ غرام,12.0
720,ساديا - دجاج مجمد ١٢٠٠ غرام,21.0
721,كوكولين - كيك صغير محشو بالمشمش ١٦٥ غرام,11.0
722,أبو قوس - حليب مبخر بنكهة الهيل ١٧٠ غرام,2.0
723,ليز - رقائق البطاطس بالملح ١٦٠ غرام,4.0
724,سنتفيري - بسكويت دايجستف لايت بالكاكاو ٢٠٠ غرام,9.0
725,اسناد - مسحوق فلفل اسود ١٠٠ غرام,8.0
726,برينجلز  -  رقائق بطاطس بنكهة البصل و الروبة ٢٠٠ غرام ٢٠٪ كمية إضافية,8.0
727,كوفي مايت - مبيض قهوة بالنكهة الاصلية ١٧٠ غرام,9.0
728,شيتوس - أصابع كاتشاب وجبنة ٣٠ غرام,1.0
729,ستاربكس - كراميل ماكياتو ٢٢٠ مل,12.0
730,زيتون أخضر مغربي / كغم,23.0
731,نسكويك - كرات الحبوب بطعم الشوكولاتة ٩٥٠ غرام,28.0
732,سفاري- ويفر بالشوكولاتة ١٢*٢٨ غرام,11.0
733,قودي - مكرونة أقلام مخططة ٥٠٠ غرام,4.0
734,الصافي - عصير مانجو ١.٥ لتر,4.0
735,أبازير - أرز بني قصير عضوي ١ كغم,20.0
736,المراعي - سمن الزبدة النقي ٤٠٠ جرام,21.0
737,البطل - بطاطس بنكهة الكاتشاب ١٤*٢٣ غرام,11.0
738,مكاتي - بودرة حليب جوز الهند ٥٠ غرام,3.0
739,كندر - شوكولاتة بالحليب والحبوب ٢٣ غرام,1.0
740,بوتان - لحم تونة أبيض قطعة متماسكة ٩٠ غرام,5.0
741,الكبير - لحم دجاج مفروم مجمد ٤٠٠ غرام,9.0
742,باريلا - باسيليكو صلصة الباستا ٤٠٠ غرام,12.0
743,سكر و حلا - سكر أسمر للطبخ و تحضير الحلويات ١ كغم,12.0
744,مجدي - كزبرة ناعمة ٨٠ غرام,3.0
745,الكبير - روبيان كبير ٤٠٠ غرام,28.0
746,بيرفيتو - مكرونة كونشيجليه ٥٠٠ غرام,4.0
747,عافيه - زيت زيتون بكر ممتاز ٢ لتر,59.0
748,اندوفود - صلصة حارة سومطرا ٣٤٠ غرام,7.0
749,هاريبو - حلاوة  جلي وورمز ١٦٠ غرام,8.0
750,المراعي - حليب مبخر قليل الدسم ١٧٠ غرام,2.0
751,فيريرو روشيه - شوكولاتة بالبندق ٣٧.٥ غرام,5.0
752,تويكس - بسكويت وكراميل مغطى بالشوكولاتة بالحليب ٥*٢  * ٥٠ غرام,10.0
753,الهدا - مياه شرب ١٢× ١.٥لتر,16.0
754,ستيفيانا - محلي خالي السعرات الحرارية ٢٠٠ غرام,20.0
755,السعودية - كاتشب الطماطم  ٥١٠ غرام,9.0
756,مجدي - فلفل اسود ناعم ١٠٠ غرام,12.0
757,ساديا - بطاطس مقلية ١ كغم,5.0
758,سكيتلز - حلوى بنكهة الفواكه ١٧٤ غرام,6.0
759,فوستر كلاركس - دقيق الذرة ١٠٠ غرام,1.0
760,الكبير - ٨ برجر دجاج مغلف بالخبز ٤٠٠ غرام,13.0
761,البطل - بطاطس بنكهة الفلفل الحار ١٤*٢٣ غرام,11.0
762,ليبتون - شاي مثلج بنكهة الليمون ٦*٣٢٠ مل,11.0
763,كي دي دي - نكتار المانجو ١٨٠ مل,1.0
764,عافية - زيت ذرة صافي  ٧٥٠ مل,10.0
765,امريكانا - خضار مشكل مجمد ٩٠٠ غرام,13.0
766,فرشلي - كركم ٧٩عرام,7.0
767,فارم - سمن طبيعي نقي ٨٠٠ جرام,39.0
768,برينجلز - رقائق البطاطس بالطعم الأصلي ٤٠غرام,3.0
769,سيزر - شراب بنكهة التفاح ١ لتر,5.0
770,هارفست - ماء جوز الهند ٥٠٠ مل,5.0
771,امريكانا - بطاطس ستيك هاوس مجمدة ٧٥٠ غرام,7.0
772,بسكويت اوريو رفيع ٨*٤٨ غرام,15.0
773,فرشلي - صلصة البيتزا ٦٨٠ غرام,11.0
774,لونا - فاصوليا حمراء ٤٠٠ غرام,3.0
775,فيتنس - جرانولا حبوب الشوفان الكاملة بالعسل ٤٥٠ غرام,22.0
776,ميموريز - بسكوويت الشاي الفاخر ٨٠ غرام,1.0
777,أبازير - سكر قصب بني عضوي ١ كغم,15.0
778,ساديا - برجر دجاج ٢٢٤ غرام,7.0
779,قودي - كاتشب الطماطم ٣٩٧ غرام,8.0
780,ساديا - برجر بقري ٦٧٢غرام,12.0
781,بيريه - مياة معدنية فوارة ٧٥٠ مل,8.0
782,لورينز شيبسلتين - رقائق البطاطس بنكهة الفلفل الحار ١٠٠غرام,4.0
783,نسكويك - مسحوق شراب الكاكاو ٢٠٠ غرام,6.0
784,برينجلز - رقائق البطاطس بنكهة الكاتشاب ١٦٥غرام,9.0
785,الصافي - عصير كيوي و ليمون ١.٥ لتر,4.0
786,حلواني - مربى المشمش ٤٠٠ غرام,7.0
787,هنتز - بودرة الكاكاو ١٠٠ غرام,11.0
788,مجدي - بهارات مشكلة مخلوطة ٨٥ غرام,4.0
789,ريكو - طماطم مقشرة إيطالية ٤٠٠ غرام,2.0
790,مجدي - هيل حب ممتاز ٨٠ غرام,23.0
791,ساديا - ناجتس دجاج ٤٠٠ غرام,9.0
792,بيتي كروكر - خليط كيك بنكهة الليمون  ٥٠٠ غرام,11.0
793,جول ديستروبر - وافل ١٠٠ غرام,12.0
794,دافيدوف - قهوة اسبريسو ١٠٠  غرام,20.0
795,فرشلي - لحم تونا بيضاء مع الماء ١٠٠ غرام,4.0
796,ميرندا حمضيات ٢.٢٥ لتر,8.0
797,كويكر- رقائق شوفان كاملة٤٠٠ غرام,10.0
798,بريتانيا - شابورة بالحليب ٣١٥غرام,8.0
799,جوديفا - لوح شوكولاتة بالكريمة ٣٥ غرام,3.0
800,فيمتو - شراب فوار بنكهة الفواكه ٢٥٠ مل,1.0
801,النخلة - طحينة فاخرة ٢٥٠ غرام,11.0
802,ميرندا برتقال ٣٣٠ مل,2.0
803,كيبلر - كوكيز بقطع الشوكولاتة ١١.٦ اونصة,19.0
804,كوكاكولا لايت ٢٤*٣٣٠ مل,57.0
805,عافيه - زيت زيتون بكر ممتاز ٢*٥٠٠ مل,31.0
806,صن بايتس - شرائح خبز محمص بالجبنة والأعشاب ٤٥ غرام,2.0
807,فرشلي - ذرة حب ٣٤٠ غرام,4.0
808,داناو - عصير بالحليب بنكهة الخوخ والمشمش ٣*١ لتر,15.0
809,نايتشر فالي - لوح مقرمش بالشوفان و التفاح ٦*٤٢ غرام,13.0
810,جالكسي - شوكولاتة فلوتس ٤ أصابع ٤٥ غرام,2.0
811,امريكانا - زينجز فيليه الدجاج حار و مقرمش٤٢٠ غرام,20.0
812,تاك تات - كربونات الصوديوم ٣٠٠ غرام,4.0
813,جالكسي - شوكولاتة غامقة وناعمة ٤٠ غرام,3.0
814,البطل - بطاطس بنكهة الملح والخل ١٤*٢٦ غرام,11.0
815,إندومي - شعيرية سريعة التحضير بنكهة كاري الدجاج ٤٠*٧٥ غرام,43.0
816,ايمبورج - خضروات عضوية مشكلة مجمدة ٤٠٠ غرام,12.0
817,كوكاكولا زيرو ٣٣٠ مل,2.0
818,جرين فارمز - أرز كرنل بسمتي ٥ كيلو جرام,35.0
819,ندى - دانية عصير فواكة مشكلة ١٨*٢٠٠ مل,17.0
820,كنور - شوربة كريمة الدجاج ٥٤ غرام,4.0
821,نادك - شراب التفاح ١٨* ١٢٥ مل,10.0
822,ساديا - بطاطس مقلية مجمدة   ٢.٥ كغم,23.0
823,توبليرون - شوكولاتة بالحليب ٣٥ غرام,3.0
824,بيتي كروكر - خليط كيك البرتقال  ٥٠٠ غرام,11.0
825,ميبونا - شوكولاتة داكنة بالإسبريسو ١٠٠ غرام,11.0
826,امريكانا - بتر كوكيز ١٢*٤٤ غرام,13.0
827,بوني - حليب مبخر قليل الدسم ١٧٠ غرام,3.0
828,هنتز - بودرة كاكاو غامقة ٢٢٧ غرام,28.0
829,ليندت -شوكولاتة غامقة كلاسيكية بالبندق ١٠٠ غرام,11.0
830,كيندر - شوكولاتة بوينو بيضاء ٣٩ غرام,2.0
831,ليبتون - ايس تي شاي أخضر بالكمثرى والخوخ ٦*٣٣٠ مل,11.0
832,ماجي - شوربة كريمة الدجاج ٧١ غرام,4.0
833,شيتوس - كرنشي حار نار ٥٤ غرام,2.0
834,ليز - رقائق البطاطس بالجبن الفرنسي  ٢١غرام,1.0
835,بيرفيتو - مكرونة مبرومة ٥٠٠ غرام,4.0
836,كي دي دي - عصير البرتقال ٢٤*١٨٠ مل,23.0
837,فرشلي - فلفل جلابينو شرائح ٤٥٣ غرام,10.0
838,عزيمكو - قرفة مطحونة ١٠٠ غرام,4.0
839,بيك أب مينيز - بسكويت بالشوكولاتة و الحليب ١٠٦ غرام,11.0
840,فلوريدا ناتشورال - عصير بنكهة الجريب فروت ١.٨ لتر,19.0
841,سان دالفور -مربى الفواكة الأربعة بدون سكر مضاف ٢٨٤ غرام,19.0
842,قودي - تندرينا تونا بالليمون والفلفل ٨٠ غرام,4.0
843,المسافر - قهوة عربية سريعة التحضير بالهيل ٣٠ غرام,5.0
844,السنبلة - عجينة الكنافة ٥٠٠ غرام,8.0
845,كي دي دي - عصير عنب أحمر ١٠٠% طبيعي  ١ لتر,6.0
846,بيتي كروكر - خليط  كيك أصفر سوبر مويست  ٥٠٠ غرام,11.0
847,لا بالين - ملح بحري ناعم ٦٠٠ غرام,15.0
848,فيمتو - شراب فوار بنكهة الفواكه ٦*٢٥٠ مل,9.0
849,ريو ماري - سلطة الخضار مع التونا خلطة الذرة ٢*١٦٠ غرام,28.0
850,بيوقلز - قراقيش ذرة بطعم الجبن ١٥*١٨غرام,18.0
851,جالكسي - شوكولاتة بيضاء ناعمة وغنية ٣٨ غرام,3.0
852,فيتنس - لوح الرقائق بالفراولة ٢٣.٥ غرام,3.0
853,امريكانا - برجر دجاج صغير ٤٠٠ غرام,12.0
854,مجدي - دارسين عود /قرفة ٢٠٠  غرام,10.0
855,هاينز - طماطم كاتشب  ٥٧٠ غرام,12.0
856,نستلة - كيت كات ٤ اصابع شوكولاتة داكنة ٤١.٥ غرام,2.0
857,بوني - حليب مبخر كامل الدسم ٤١٠ غرام,4.0
858,ندى - عصير مانجو ١.٥ لتر,7.0
859,نونقشيم - كوب حساء مكرونة شين حار و مبهر ٦٨ غرام,6.0
860,سويتز -  عجينة سمبوسة ميني ٥٠٠ غرام,9.0
861,يمامة - دبس رمان٧٥٠  مل,23.0
862,مجدي - روزماري مجفف( إكليل الجبل) ٥٠ غرام,7.0
863,دالا - مياه شرب  معبأة ٤٠*٢٠٠ مل,11.0
864,ليبتون - شاي اسود ٢٠٠ كيس,36.0
865,شنكوز - كوكيز بقطع الشوكولاتة ١٢*٤٠ غرام,11.0
866,بيتي كروكر - كيك الكوكيز بالفانيليا و الشوكولاتة ٥+١*٢٥ غرام,10.0
867,امريكانا - ناجت الدجاج ٢٧٠ غرام,10.0
868,الكبير - اصابع الدجاج و الجبنة ٢٥٠ غرام,9.0
869,نسكافيه دولتشي - كبسولات شوكوتشينو  ٢٥٦ غرام,36.0
870,سيزر - شراب بنكهة اللليمون والنعناع ١ لتر,5.0
871,ندى - عصير تفاح ١.٥ لتر,7.0
872,كويكر - كوكيز الشوفان مع العسل و المكسرات ٣٠*٩ غرام,15.0
873,كويكر - كوكيز الشوفان مع قطع الشوكولاتة ٩ غرام,0.0
874,فيتنس - جرانولا حبوب الشوفان الكاملة بالتوت البري ٤٥٠ غرام,22.0
875,ماجي إكسيلانس -  شوربة الفطر مع ورق الغار ٥٤ غرام,4.0
876,امريكانا - خضار مشكل مجمد ٤٥٠ غرام,4.0
877,سكيتلز - الفواكة ٣٨غرام,3.0
878,فيتنس - رقائق الحبوب الكاملة بالشوكولاتة ٣٧٥ غرام,23.0
879,الكبير - روبيان مغلف بالخبز ٢٥٠ غرام,14.0
880,صني - زيت نباتي نقي للطبخ ١.٨ لتر,15.0
881,بوك - صلصة البشاميل مع الجبنة ٥٠٠ مل,16.0
882,ريتز - بسكويت مالح ٣٦٦ غرام,12.0
883,كاجي - شوكولاتة ميني ١٢٥ غرام,18.0
884,ريو ماري - تونا بزيت الزيتون ٣ ٨٠x   غرام,22.0
885,مكفتيز- بسكويت الشوفان الكامل  ٣٠٠ غرام,8.0
886,فرشلي -بودرة الثوم  ٨٥ غرام,15.0
887,سيمبلي 7 - رقائق الكينوا بالكريمة الحامضة و البصل ٧٩ غرام,10.0
888,أوريو - كوكيز بكريمة الشوكولاتة ١٦*٣٨ غرام,18.0
889,فوديز - ملح مائدة ٧٠٠ غرام,2.0
890,راوخ - عصير بنكهة التفاح ٩٠٠ مل,16.0
891,قودي - فطيرة سادة ٤٨٠ غرام,8.0
892,مجدي - كمون حب ٩٠ غرام,4.0
893,كلوقز - كورن فليكس ٥٠٠ غرام,17.0
894,نوفا - مياه معدنية  ١.٥ لتر,1.0
895,كوفي مايت - مبيض القهوة خالي من الدهون ٤٥٣.٥ غرام,23.0
896,الكبير - فلافل ٣٦٠ غرام,7.0
897,أبو بنت - أرز كالورز ٥  كيلو جرام,31.0
898,ساديا - دجاج مجمد ١٠٠٠ غرام,13.0
899,المراعي - عصير الجوافة ١.٥ لتر,4.0
900,كريستال - شطة حارة ٨٨ مل,1.0
901,إندومي - شعيرية بنكهة كاري الدجاج ٧٠  غرام,1.0
902,المزرعة الأمريكية - قشطة ١٧٠ غرام,2.0
903,الطائي - حليب مجفف كامل الدسم ٩٠٠غرام,28.0
904,لورينز بومستيكس - بطاطس بالملح ١٠٠ غرام,8.0
905,فرشلي - لحم تونة ابيض بزيت دوار الشمس ١٠٠ غرام,4.0
906,الكبير - فيلية الدجاج الشهي متبل ٤٦٥ غرام,23.0
907,الكبير - شيش طاووق الدجاج ٢٤٠  غرام,11.0
908,ساديا - بطاطس مقلية  رفيعة ١ كغم,5.0
909,لانجنيز - عسل نحل صافي ١٠٠٠ غرام,69.0
910,نوتيلا -كريمة البندق مع الكاكاو قابلة للدهن ١٥ غرام,1.0
911,كود رد - مشروب الطاقة ٢٥٠ مل,4.0
912,قودي - متبل رانش  ٢٣٧ مل,5.0
913,الصافي - عصير فواكه مشكلة ١.٥ لتر,4.0
914,ندى - عصير ليمون بالنعناع مع اللب ١.٥ لتر,7.0
915,كندر - شوكولاتة ١٠٠ غرام,3.0
916,طعمة - حلاوة طرية قابلة للدهن ٤٠٠ غرام,16.0
917,ليز فورنو - رقائق البطاطس بالجبنة الأصلية ٤٣ غرام,2.0
918,دو - نقانق ديك رومي مدخنة ٤٠٠ غرام,3.0
919,كرانشوز - بذور دوار الشمس ١٠٠ غرام,3.0
920,سيف - خميرة فورية ٥٠٠غرام,11.0
921,قودي - مكرونة فراشات ٥٠٠ غرام,4.0
922,كوفيك - مسحوق قهوة البندق المثلجة سريع التحضير ١٠*٢٤ غرام,20.0
923,أمادا ستارز  ٢٢٥ غرام,6.0
924,منتوس وايت - علكة بنكهة النعناع الحلو خالية من السكر ٥٤ غرام,8.0
925,توب توب - بكينج باودر ١٠٠ غرام,1.0
926,حياة - جوز الهند (نارجيل) ٢٠٠ غرام,4.0
927,أبو ولد - بسكويت زبدة ٩٠ غرام,1.0
928,إندومي - كوب شعيرية بنكهة لحم البقر ٦٠  غرام,2.0
929,كوبوليفا - زيتون اسود حبة كاملة ١٠٠ غرام,4.0
930,كريك كراك - رقائق البطاطس بكاتشب الطماطم ١٨*١٥ غرام,8.0
931,فرشلي - طماطم مقشرة ٤٠٠ غرام,4.0
932,كوكولين - كيك صغير محشو بالفراولة ١٦٥ غرام,11.0
933,امريكانا - برجر بقري كلاسيك ١ كيلو,17.0
934,عزيمكو - عدس احمر حب ٦٠٠ غرام,11.0
935,نادك - شراب الفواكه المشكلة ١٨* ١٢٥ مل,10.0
936,ساديا - نقانق دجاج حارة بالتوابل ٣٤٠ غرام,5.0
937,مكفيتيز دايجستف - بسكويت بكريمة الفانيلا ١٦*٤٤ غرام,16.0
938,إندومي - شعيرية سريعة التحضير بنكهة الخضار ٤٠*٧٥ غرام,43.0
939,امريكانا - برجر بقري البهارات العربية ١٣٤٤ غرام,36.0
940,شيتوس - أقواس الجبنة ١٤*٢٧ غرام,14.0
941,الشعلان - أرز بسمتي ١٠ كغم,70.0
942,لانجنيز - عسل الغابة السوداء ١٢٥ غرام,26.0
943,الانعام السعودية  - لحم غنم مفروم ٤٠٠ غرام,3.0
944,امريكانا - اصابع الدجاج حار و مقرمش ٤٠٠ غرام,9.0
945,ريجليز اكسترا - علكة بالنعناع ٨٤ غرام,13.0
946,قودي - صلصة البرجر ٢٩٠ مل,13.0
947,امريكانا - برجر الدجاج ٦٨٠ غرام,24.0
948,السنبلة - كروكيت البطاطا بالجبنة ٣٧٠ غرام,12.0
949,جرين فارمز - أرز كرنل بسمتي  ١٠ كيلو جرام,65.0
950,برينجلز  -  رقائق بطاطس بنكهة الكاتشب ٢٠٠ غرام ٢٠٪ كمية إضافية,8.0
951,جالكسي - ميني شوكولاتة بالكاراميل ١٦٨ غرام,12.0
952,منتوس وايت - علكة بنكهة النعناع خالية من السكر ٧٢ قطعة,12.0
953,نسكويك - لوح رقائق الشوكولاتة ٢٥ غرام,2.0
954,هاريبو - حلاوة  جلي بالخوخ ١٦٠ غرام,8.0
955,كيت كات  - أصابع ويفر بالشوكولاتة  ميني ٢٥٠ غرام,16.0
956,تروبيكانا فروتز - شراب فوار كوكتيل الليمون بالنعناع ٣٠٠ مل,3.0
957,المهباج - عدس أحمر ٧٠٠ غرام,9.0
958,داري - دجاج مجمد ١٠٠٠ غرام,15.0
959,لوتس -  بسكويت الكراميل ١٨٦ غرام,11.0
960,هيرشيز - شوكولاتة بيضاء بقطع البسكويت ٤*٤٠ غرام,10.0
961,الربيع - شراب بنكهة البرتقال ٢٥٠ مل,1.0
962,كلوقز - فروت لوبس رقائق فطور دائرية من الحبوب المشكلة بنكهة الفواكة ٣٥٠ غرام,20.0
963,الخير - تونا قطع متماسكة ١٨٥  غرام,5.0
964,نايتشر فالي - لوح مقرمش بالشوفان و جوز الهند ٦*٤٢ غرام,13.0
965,الرفاعي - قهوة فرنسية ٢٥٠ غرام,23.0
966,جوديفا - شوكولاتة بالحليب مع البندق ٣٠ غرام,4.0
967,الكبير - سمبوسة الدجاج ٢٤٠ غرام,11.0
968,فوستر كلاركس - دقيق الذرة (نشا) ٤٠٠ غرام,5.0
969,كورو قهوجي - قهوة تركية ٢٥٠ غرام,22.0
970,أولكر - بسكويت الشاي ١٢*١٦٠ غرام,24.0
971,الكبير - دجاج تكه تندوري ٢٤٠ غرام,11.0
972,كيتكات - ويفر الشوكولاتة ٤ أصابع ٥+١ *٤١.٥ غرام,10.0
973,عزيمكو - سميد ٦٠٠ غرام,7.0
974,كي دي دي - شراب الفواكه المشكلة (الكوكتيل) ١٨٠ مل,1.0
975,جالكسي - كيك البندق ٥ قطع,12.0
976,سويت اند لو - كوكيز بكريمة الشوكولاتة خالي من السكر ١٦٢ غرام,10.0
977,إنديا جيت - أرز بسمتي كلاسيك ٥ كيلو جرام,66.0
978,كابري سَن - شراب البرتقال ١٠*٢٠٠ مل,6.0
979,بريك - أصابع ويفر بالشوكولاتة ١٢*٣١ غرام,12.0
